SampleID;Target;Gender;ProbeName;confounder;confounder2
A549KM0220321_S1;CTRL;M;A549KM0220321;0.147472877;WAHR
A549KM1_S2;CTRL;M;A549KM1;0.453822917;WAHR
A549KM2_S3;CTRL;M;A549KM2;0.425291259;FALSCH
A549KM4_S4;CTRL;M;A549KM4;0.655018874;WAHR
A549CM1_S5;Stim;M;A549CM1;0.411879551;FALSCH
A549CM2_S6;Stim;M;A549CM2;0.253397085;WAHR
A549CM3_S7;Stim;M;A549CM3;0.465357781;FALSCH
A549CM4_S8;Stim;M;A549CM4;0.890525325;FALSCH
A549CM8_S5;Stim;M;A549CM8;0.499194394;WAHR
